Location,Date,Time
Whitesands Mall,27/06/2022,11:26 AM
Location,Date,Time
Changi Village Hawker Centre,27/06/2022,11:28 AM
Location,Date,Time
Bedok Mall,27/06/2022,10:10 PM
Location,Date,Time
Bedok Mall,27/06/2022,10:12 PM
Location,Date,Time
Bedok Mall,27/06/2022,10:13 PM
Location,Date,Time
Bedok Mall,27/06/2022,10:13 PM
Location,Date,Time
Whitesands Mall,27/06/2022,10:20 PM
Location,Date,Time
Whitesands Mall,27/06/2022,10:24 PM
Location,Date,Time
Bedok Mall,27/06/2022,10:40 PM
Location,Date,Time
Bedok Mall,27/06/2022,10:49 PM
Location,Date,Time
Bedok Mall,27/06/2022,10:50 PM
Location,Date,Time
Bedok Mall,27/06/2022,10:51 PM
Location,Date,Time
Bedok Mall,27/06/2022,10:52 PM
Location,Date,Time
Bedok Mall,27/06/2022,10:53 PM
Location,Date,Time
Bedok Mall,27/06/2022,10:53 PM
Location,Date,Time
Bedok Mall,27/06/2022,10:53 PM
Location,Date,Time
Bedok Mall,27/06/2022,10:55 PM
Location,Date,Time
Changi Village Hawker Centre,27/06/2022,10:57 PM
